name,SDx,SDy,SDz,SR,PFD_t,PFD_i,PFD_m,PFD_r,PFD_p,FA_ti,FA_im,FA_mr,FA_rp,FA_pt,FD_ti,FD_tm,FD_tr,FD_tp,FD_im,FD_ir,FD_ip,FD_mr,FD_mp,FD_rp
B,0,0,0,45.224316,96.63146973,103.4380417,96.31610107,79.04869843,46.54742432,0.709143579,0.140659526,0.161826015,0.270612627,0.53828907,19.43615532,33.19171143,54.08703613,78.2900238,17.96682549,44.45239639,79.07192993,27.68065643,70.24773407,53.55383682
B,0,0,0,45.457638,96.84820557,103.4497223,96.47445679,78.86034393,46.16565704,0.709555745,0.140307486,0.162703365,0.275020957,0.536332846,19.2306366,33.10970688,54.22871017,77.94239807,17.92977142,44.62450409,78.81110382,27.98744583,70.29441071,53.21876526
B,0,0,0,46.089264,97.02764893,103.5270691,96.43058014,78.44644165,45.69960403,0.707649589,0.140102327,0.159004897,0.283331662,0.525589287,19.05710983,32.49991608,54.33945084,77.4154129,17.48605347,44.89539337,78.38883209,28.60595322,69.74842834,51.98164368
B,0,0,0,49.056805,97.21645355,103.493927,96.4821167,78.12732697,45.23656082,0.70308125,0.141248837,0.159802109,0.286058456,0.515878499,19.24451256,32.97092056,54.7120018,77.01985168,17.59718323,44.99502182,77.87471771,28.72333145,69.27339935,50.98333359
B,0,0,0,46.440716,97.1198349,103.4758072,96.40288544,78.11736298,45.55669022,0.704342425,0.140889347,0.159471005,0.28302896,0.518727958,19.16094971,32.78903198,54.44179535,77.23442078,17.58010864,44.87382507,78.11627197,28.59510612,69.50262451,51.32613373
B,0,0,0,45.590725,96.97912598,103.434761,96.3547821,78.28203583,45.83423233,0.706387222,0.14112176,0.159612834,0.279478818,0.524360418,19.16702652,32.72847366,54.21427155,77.46559906,17.57953453,44.69049835,78.35645294,28.37508011,69.7671051,51.99694061
B,0,0,0,46.46016,96.96838379,103.3695984,96.38105774,78.31581879,46.19494247,0.706642747,0.144032478,0.162452593,0.277133465,0.527733326,19.57282829,33.72385406,54.93938828,77.96077728,18.05236435,44.97037125,78.69710541,28.30546761,70.09024048,52.47511673
B,0,0,0,46.46016,96.96838379,103.3695984,96.38105774,78.31581879,46.19494247,0.706642747,0.144032478,0.162452593,0.277133465,0.527733326,19.57282829,33.72385406,54.93938828,77.96077728,18.05236435,44.97037125,78.69710541,28.30546761,70.09024048,52.47511673
B,0,0,0,45.72642,96.85865021,103.3560562,96.34650421,78.45970917,46.27842331,0.707924783,0.143661171,0.162021592,0.275597811,0.531118035,19.52992249,33.57634735,54.74689484,78.09139252,18.00998688,44.85528183,78.87339783,28.18565178,70.23983765,52.81646729
B,0,0,0,46.99783,97.06871796,103.4138947,96.42865753,78.28517914,45.97602844,0.705056071,0.143727764,0.162506014,0.27891624,0.52574265,19.5450325,33.78641891,55.10012054,77.83757782,18.10332489,45.10544586,78.61019135,28.41569901,69.9988327,52.15812683
B,0,0,0,45.45254,96.98310089,103.406311,96.36778259,78.30994415,46.07209015,0.707106948,0.143432423,0.162065923,0.277485311,0.528525114,19.47065735,33.56158447,54.82540512,77.9621048,18.02622032,44.96353912,78.78701019,28.30757713,70.155159,52.43044662
B,0,0,0,46.210884,97.18890381,103.4844284,96.48300171,78.11370087,45.7675972,0.704812288,0.143893301,0.162835404,0.280156463,0.522997677,19.50344086,33.79032516,55.07032394,77.72244263,18.12571526,45.13454819,78.5637207,28.47884178,69.97447205,51.80848312
B,0,0,0,45.240814,97.08909607,103.4821091,96.42799377,78.18423462,45.86928177,0.706175983,0.143314794,0.161872238,0.278508931,0.526142597,19.4233284,33.4817276,54.7518158,77.81984711,17.98707199,44.96159363,78.72277069,28.3763237,70.13996887,52.17060471
B,0,0,0,45.218483,97.20062256,103.6068878,96.50273132,77.93386841,45.51972961,0.706487775,0.142106995,0.161167294,0.283324629,0.520484746,19.04327774,32.93718338,54.52978516,77.44881439,17.84058952,45.15166473,78.62576294,28.71902466,70.02224731,51.52352524
B,0,0,0,46.074802,97.39260864,103.6401749,96.60559845,77.69372559,45.10590363,0.701645374,0.143318549,0.161466032,0.285591692,0.511814952,19.24732399,33.32303238,54.76753998,77.04286957,17.89426613,45.16934204,78.16883087,28.80508995,69.62729645,50.6573143
B,0,0,0,46.283417,97.52193451,103.7389832,96.65922546,77.35748291,44.67618561,0.69993943,0.142751962,0.160755217,0.291102588,0.502067626,19.04968262,32.98087311,54.68079376,76.5686264,17.74873543,45.34458542,77.84762573,29.15513802,69.26420593,49.65150452
B,0,0,0,45.291866,97.40096283,103.7288055,96.56907654,77.5854187,45.06237793,0.700974703,0.141842455,0.158752859,0.287619144,0.509321094,19.01877022,32.60591507,54.41437531,76.83534241,17.53083801,45.13791275,78.11091614,29.02128792,69.56298828,50.44801331
B,0,0,0,45.52391,97.50363159,103.8508148,96.64237976,77.45494843,44.82852173,0.700754583,0.140772149,0.158311486,0.290448755,0.505329967,18.70646095,32.20886993,54.2803154,76.65924835,17.47094917,45.33341599,78.16442108,29.28803825,69.60250092,50.09027481
B,0,0,0,45.52391,97.50363159,103.8508148,96.64237976,77.45494843,44.82852173,0.700754583,0.140772149,0.158311486,0.290448755,0.505329967,18.70646095,32.20886993,54.2803154,76.65924835,17.47094917,45.33341599,78.16442108,29.28803825,69.60250092,50.09027481
B,0,0,0,47.11903,97.40664673,103.8395538,96.57314301,77.77733612,45.19374847,0.702064455,0.140178278,0.156999454,0.28744027,0.513010025,18.75658607,32.04768372,54.24002075,77.01275635,17.35697365,45.2265358,78.45701599,29.16333771,69.89571381,50.92668915
B,0,0,0,49.170734,97.29804993,103.8292313,96.53562164,78.08686829,45.48724365,0.703398883,0.140005827,0.156261995,0.282886773,0.520667255,18.86116982,32.04209137,54.07339859,77.39990997,17.32411385,44.98459625,78.78881073,28.86527443,70.20996094,51.85200119
B,0,0,0,51.323334,97.21086121,103.8154068,96.5045166,78.38049316,45.74204254,0.705158532,0.139919952,0.156124443,0.279009759,0.527706683,18.97660255,32.14860153,54.00783157,77.81075287,17.3668766,44.81739807,79.1155777,28.59277916,70.48545074,52.68325806
B,0,0,0,49.883728,97.45617676,103.9368362,96.6267395,78.20694733,45.56773758,0.701084256,0.140145853,0.155910015,0.27890411,0.522898376,19.11035156,32.35234451,54.1048317,77.67123413,17.38258934,44.79073334,78.93299866,28.63129997,70.41708374,52.26631927
B,0,0,0,49.883728,97.45617676,103.9368362,96.6267395,78.20694733,45.56773758,0.701084256,0.140145853,0.155910015,0.27890411,0.522898376,19.11035156,32.35234451,54.1048317,77.67123413,17.38258934,44.79073334,78.93299866,28.63129997,70.41708374,52.26631927
B,0,0,0,49.334106,97.6290741,104.015274,96.66257477,77.9004364,45.28762436,0.700056612,0.139661148,0.155064031,0.283993363,0.514597237,18.9538784,32.128582,54.19965363,77.365448,17.27580452,45.02261734,78.68960571,28.99566269,70.10481262,51.28486252
B,0,0,0,48.77924,97.72068024,104.0315781,96.66529083,77.57260132,44.99621201,0.699560821,0.139491498,0.154692322,0.288843095,0.506247342,18.82023048,31.95096397,54.27179718,77.06452942,17.19224739,45.23004532,78.43449402,29.32987595,69.80063629,50.33120346
B,0,0,0,46.169483,97.89285278,103.9741821,96.62553406,76.74938202,44.34844589,0.697200298,0.141604036,0.156894967,0.298742443,0.484856635,18.83889771,32.27684402,54.89283752,76.44631195,17.34580803,45.86398697,77.76781464,30.0519371,69.0539856,48.03941727
B,0,0,0,46.09723,97.83745575,103.8904724,96.53966522,76.47988892,44.19883728,0.69780755,0.141767383,0.157374501,0.30242148,0.479085922,18.67220116,32.12216568,54.93467712,76.21974945,17.33647156,46.07768631,77.61336517,30.3203907,68.86444092,47.4229393
B,0,0,0,50.170567,97.79920197,104.0610886,96.57884979,76.10486603,43.93070221,0.70103097,0.146814629,0.158526093,0.303483337,0.479647309,19.07008934,32.72060776,55.19325638,76.66881561,17.63278198,46.38180161,78.41509247,30.3989563,69.40460205,47.56072998
B,0,0,0,50.170567,97.79920197,104.0610886,96.57884979,76.10486603,43.93070221,0.70103097,0.146814629,0.158526093,0.303483337,0.479647309,19.07008934,32.72060776,55.19325638,76.66881561,17.63278198,46.38180161,78.41509247,30.3989563,69.40460205,47.56072998
B,0,0,0,50.445152,97.74154663,104.0053635,96.53474426,76.00827789,43.836689,0.70248121,0.146285221,0.158826739,0.305382133,0.477290928,18.83491707,32.46304321,55.06057739,76.54616547,17.60603142,46.46322632,78.38440704,30.5234127,69.36053467,47.3011322
B,0,0,0,49.965637,97.68440247,103.9346848,96.48000336,75.97297668,43.79141617,0.703223944,0.145997882,0.159486398,0.307889491,0.474759877,18.63851166,32.2874794,55.09950638,76.36194611,17.61231804,46.64154434,78.26546478,30.70717049,69.23727417,47.01040268
B,0,0,0,49.965637,97.68440247,103.9346848,96.48000336,75.97297668,43.79141617,0.703223944,0.145997882,0.159486398,0.307889491,0.474759877,18.63851166,32.2874794,55.09950638,76.36194611,17.61231804,46.64154434,78.26546478,30.70717049,69.23727417,47.01040268
B,0,0,0,58.325905,97.54627991,103.8499298,96.3615036,75.58228302,43.59130859,0.708352089,0.148431107,0.156694576,0.310084015,0.476352215,18.63069725,31.99378204,54.90700531,76.68714142,17.37353897,46.66299438,78.86030579,30.90827751,69.75430298,47.20352173
B,0,0,0,68.04549,97.40128326,103.9991913,96.35856628,75.30356598,43.4062767,0.709851682,0.150726944,0.153600663,0.311185181,0.47850877,18.74296379,31.67715073,54.70818329,76.97834015,17.17222214,46.80454254,79.61727905,31.16175461,70.38745117,47.54346466
B,0,0,0,75.87232,97.26071167,103.9467468,96.40929413,75.02701569,43.29252625,0.713267207,0.151961207,0.155389413,0.309506267,0.480922252,18.61930275,31.98500633,54.40517426,77.22695923,17.60085106,46.82569885,80.20127869,30.91889191,70.79244995,47.85383987
B,0,0,0,75.87232,97.26071167,103.9467468,96.40929413,75.02701569,43.29252625,0.713267207,0.151961207,0.155389413,0.309506267,0.480922252,18.61930275,31.98500633,54.40517426,77.22695923,17.60085106,46.82569885,80.20127869,30.91889191,70.79244995,47.85383987
B,0,0,0,84.418106,97.14096832,103.9047318,96.45644379,74.8121109,43.19864655,0.716084242,0.152985856,0.157047108,0.30810678,0.483319134,18.51932716,32.23310471,54.19813919,77.46216583,17.97318268,46.89860153,80.74202728,30.79343414,71.2314682,48.15023041
B,0,0,0,90.967186,97.02238464,104.0234833,96.54446411,74.75288391,43.07243347,0.715554535,0.154173464,0.15631254,0.306522965,0.485975206,18.5720005,32.27193451,53.99811554,77.60882568,18.12898827,46.97301865,81.28725433,30.75316238,71.64640045,48.53152847
B,0,0,0,90.967186,97.02238464,104.0234833,96.54446411,74.75288391,43.07243347,0.715554535,0.154173464,0.15631254,0.306522965,0.485975206,18.5720005,32.27193451,53.99811554,77.60882568,18.12898827,46.97301865,81.28725433,30.75316238,71.64640045,48.53152847
B,0,0,0,96.86681,96.90783691,104.1870728,96.63523102,74.76439667,42.97244263,0.71466887,0.155588403,0.154997632,0.304768145,0.488858432,18.65411186,32.22774887,53.7899437,77.71950531,18.23083687,47.04555511,81.82814789,30.71642685,72.01761627,48.93960953
B,0,0,0,102.83874,96.83665466,104.1591415,96.63674164,74.73943329,42.99315643,0.716376722,0.156265065,0.153469712,0.303857684,0.491222143,18.58633041,32.09442902,53.62060547,77.85327911,18.26832962,47.05044937,82.18071747,30.68919945,72.24102783,49.20837784
B,0,0,0,102.83874,96.83665466,104.1591415,96.63674164,74.73943329,42.99315643,0.716376722,0.156265065,0.153469712,0.303857684,0.491222143,18.58633041,32.09442902,53.62060547,77.85327911,18.26832962,47.05044937,82.18071747,30.68919945,72.24102783,49.20837784
B,0,0,0,106.17804,96.77283478,104.0439758,96.61071014,74.72338867,43.00884628,0.718098044,0.155087948,0.153630659,0.302729309,0.493712604,18.43391037,31.98575974,53.47967148,77.98191833,18.22950172,46.92858505,82.25672913,30.63448715,72.42464447,49.49074173
B,0,0,0,106.17804,96.77283478,104.0439758,96.61071014,74.72338867,43.00884628,0.718098044,0.155087948,0.153630659,0.302729309,0.493712604,18.43391037,31.98575974,53.47967148,77.98191833,18.22950172,46.92858505,82.25672913,30.63448715,72.42464447,49.49074173
B,0,0,0,107.812836,96.71563721,103.9107971,96.56829071,74.71412659,43.03600693,0.719327688,0.15398781,0.153708935,0.301314205,0.495616376,18.31102753,31.90437508,53.34975815,78.07843018,18.16927528,46.7599144,82.24627686,30.54813004,72.52889252,49.72535324
B,0,0,0,108.60628,96.66892242,103.7833557,96.52346039,74.70781708,43.06710052,0.720409334,0.152925223,0.153820232,0.299544364,0.497715503,18.20129776,31.83816147,53.18887329,78.1572876,18.11121559,46.54698944,82.20916748,30.41704369,72.60749817,49.97502136
B,0,0,0,108.60628,96.66892242,103.7833557,96.52346039,74.70781708,43.06710052,0.720409334,0.152925223,0.153820232,0.299544364,0.497715503,18.20129776,31.83816147,53.18887329,78.1572876,18.11121559,46.54698944,82.20916748,30.41704369,72.60749817,49.97502136
B,0,0,0,108.974754,96.62844086,103.6690598,96.48410797,74.67674255,43.10839081,0.721174359,0.152063936,0.153812453,0.297077298,0.499263883,18.12245941,31.78383446,52.95004654,78.2286377,18.04235268,46.25802994,82.15988159,30.23052025,72.66580963,50.20654678
B,0,0,0,108.974754,96.62844086,103.6690598,96.48410797,74.67674255,43.10839081,0.721174359,0.152063936,0.153812453,0.297077298,0.499263883,18.12245941,31.78383446,52.95004654,78.2286377,18.04235268,46.25802994,82.15988159,30.23052025,72.66580963,50.20654678
name,SDx,SDy,SDz,SR,PFD_t,PFD_i,PFD_m,PFD_r,PFD_p,FA_ti,FA_im,FA_mr,FA_rp,FA_pt,FD_ti,FD_tm,FD_tr,FD_tp,FD_im,FD_ir,FD_ip,FD_mr,FD_mp,FD_rp
B,0,0,0,113.979935,101.7731552,109.7840652,101.1687775,84.77658844,46.20944595,0.601074815,0.148473009,0.150233924,0.220901221,0.568935275,23.9075985,43.63577271,67.15073395,89.91646576,24.87998009,54.04413986,96.02310944,30.71198082,86.41568756,73.73271179
B,0,0,0,111.81956,101.6481781,109.6823196,101.1203766,84.75502014,46.19908905,0.600616813,0.147991136,0.150473475,0.221153811,0.568567872,23.78281403,43.45320129,66.95443726,89.61858368,24.80054092,53.9456749,95.74217987,30.69012451,86.23800659,73.641716
B,0,0,0,109.53651,101.5136337,109.5626755,101.0555496,84.72173309,46.16428757,0.599922717,0.147655249,0.150733292,0.221421838,0.568217158,23.67970276,43.2998848,66.77659607,89.27841187,24.72663116,53.84099579,95.4208374,30.65885544,86.02532959,73.53424835
B,0,0,0,109.53651,101.5136337,109.5626755,101.0555496,84.72173309,46.16428757,0.599922717,0.147655249,0.150733292,0.221421838,0.568217158,23.67970276,43.2998848,66.77659607,89.27841187,24.72663116,53.84099579,95.4208374,30.65885544,86.02532959,73.53424835
B,0,0,0,107.5247,101.3749313,109.4313049,100.9782104,84.68778229,46.10533905,0.59904474,0.147512972,0.150930449,0.221636415,0.567861855,23.61627388,43.200634,66.65033722,88.95360565,24.66797638,53.74741364,95.11195374,30.62425804,85.81088257,73.42334747
B,0,0,0,107.5247,101.3749313,109.4313049,100.9782104,84.68778229,46.10533905,0.59904474,0.147512972,0.150930449,0.221636415,0.567861855,23.61627388,43.200634,66.65033722,88.95360565,24.66797638,53.74741364,95.11195374,30.62425804,85.81088257,73.42334747
B,0,0,0,105.896866,101.2369766,109.2940521,100.8933411,84.64305115,46.02215958,0.598101974,0.147544608,0.151124954,0.221817464,0.567591071,23.57334137,43.12476349,66.53904724,88.61180115,24.61330223,53.65036011,94.80200195,30.5837822,85.60045624,73.31964874
B,0,0,0,104.28802,101.1112289,109.1594543,100.8065491,84.5987854,45.92630768,0.596715689,0.147595271,0.151268214,0.221950188,0.56708461,23.54825401,43.07916641,66.45463562,88.25196075,24.56982422,53.55867004,94.46864319,30.53853035,85.36145782,73.19529724
B,0,0,0,104.28802,101.1112289,109.1594543,100.8065491,84.5987854,45.92630768,0.596715689,0.147595271,0.151268214,0.221950188,0.56708461,23.54825401,43.07916641,66.45463562,88.25196075,24.56982422,53.55867004,94.46864319,30.53853035,85.36145782,73.19529724
B,0,0,0,102.44681,100.9906006,109.0301743,100.7183075,84.55641174,45.83499908,0.594971836,0.147708714,0.151398689,0.221939623,0.566260219,23.53277588,43.04853439,66.37303925,87.8666687,24.53719521,53.4635849,94.11450195,30.4804554,85.08920288,73.04686737
B,0,0,0,102.44681,100.9906006,109.0301743,100.7183075,84.55641174,45.83499908,0.594971836,0.147708714,0.151398689,0.221939623,0.566260219,23.53277588,43.04853439,66.37303925,87.8666687,24.53719521,53.4635849,94.11450195,30.4804554,85.08920288,73.04686737
B,0,0,0,100.765396,100.8882751,108.9175186,100.6379776,84.52067566,45.68689346,0.592714965,0.147845551,0.151394337,0.221832097,0.565354407,23.53267479,43.03483582,66.30474854,87.46219635,24.51026726,53.37020111,93.7555542,30.41820717,84.8118515,72.90098572
B,0,0,0,99.34776,100.8096008,108.8286743,100.5762177,84.50424957,45.55421066,0.590635657,0.147991538,0.151429117,0.221673831,0.564517498,23.54366302,43.04740143,66.26021576,87.11013031,24.50057602,53.29109573,93.44109344,30.35436058,84.56404877,72.77555847
B,0,0,0,99.34776,100.8096008,108.8286743,100.5762177,84.50424957,45.55421066,0.590635657,0.147991538,0.151429117,0.221673831,0.564517498,23.54366302,43.04740143,66.26021576,87.11013031,24.50057602,53.29109573,93.44109344,30.35436058,84.56404877,72.77555847
B,0,0,0,97.83954,100.7445755,108.7527771,100.5195999,84.49790192,45.41636658,0.588409126,0.148113579,0.151421607,0.221420214,0.563778996,23.55742836,43.06802368,66.22001648,86.76686859,24.49979019,53.21339798,93.14041901,30.28322792,84.3243103,72.6734314
B,0,0,0,96.70195,100.7009811,108.6990509,100.4781036,84.49479675,45.27484512,0.586145282,0.148234695,0.15128997,0.221130162,0.562892735,23.58312035,43.10002518,66.19972229,86.47238922,24.50226021,53.15138626,92.88577271,30.22424889,84.11532593,72.57437897
B,0,0,0,96.70195,100.7009811,108.6990509,100.4781036,84.49479675,45.27484512,0.586145282,0.148234695,0.15128997,0.221130162,0.562892735,23.58312035,43.10002518,66.19972229,86.47238922,24.50226021,53.15138626,92.88577271,30.22424889,84.11532593,72.57437897
B,0,0,0,95.81322,100.6847382,108.6725693,100.4566498,84.50723267,45.13412857,0.583995342,0.148300052,0.151064768,0.220825046,0.562167168,23.61489487,43.14269257,66.1945343,86.23674011,24.51132965,53.10091019,92.68131256,30.16996002,83.94182587,72.49539185
B,0,0,0,95.81322,100.6847382,108.6725693,100.4566498,84.50723267,45.13412857,0.583995342,0.148300052,0.151064768,0.220825046,0.562167168,23.61489487,43.14269257,66.1945343,86.23674011,24.51132965,53.10091019,92.68131256,30.16996002,83.94182587,72.49539185
B,0,0,0,94.68611,100.6774139,108.6566925,100.4421387,84.51773834,45.01129913,0.581883311,0.148404896,0.15083845,0.220599338,0.561324835,23.64780426,43.1808548,66.19243622,85.99406433,24.51845932,53.05818558,92.47568512,30.12525177,83.76302338,72.40451813
B,0,0,0,93.96136,100.6834106,108.6582108,100.4430161,84.53666687,44.90626526,0.579967082,0.148453265,0.150514826,0.220349684,0.560648143,23.67829132,43.2067337,66.18094635,85.79618073,24.51736069,53.01315308,92.31530762,30.08465958,83.62671661,72.33914185
B,0,0,0,93.96136,100.6834106,108.6582108,100.4430161,84.53666687,44.90626526,0.579967082,0.148453265,0.150514826,0.220349684,0.560648143,23.67829132,43.2067337,66.18094635,85.79618073,24.51736069,53.01315308,92.31530762,30.08465958,83.62671661,72.33914185
B,0,0,0,92.84705,100.6933365,108.6630554,100.4433441,84.55532074,44.80215454,0.577954948,0.148505241,0.150215209,0.220119402,0.55986625,23.71046448,43.24247742,66.18235779,85.59236145,24.52686501,52.98052216,92.1484375,30.0464859,83.47642517,72.2583847
B,0,0,0,92.84705,100.6933365,108.6630554,100.4433441,84.55532074,44.80215454,0.577954948,0.148505241,0.150215209,0.220119402,0.55986625,23.71046448,43.24247742,66.18235779,85.59236145,24.52686501,52.98052216,92.1484375,30.0464859,83.47642517,72.2583847
B,0,0,0,92.00235,100.7219162,108.6840973,100.4543304,84.58148956,44.69796371,0.575804055,0.148500815,0.149776846,0.21981892,0.558918953,23.75357246,43.29421616,66.20801544,85.43757629,24.54244041,52.96287537,92.01889038,30.01619911,83.34790039,72.17948914
B,0,0,0,92.00235,100.7219162,108.6840973,100.4543304,84.58148956,44.69796371,0.575804055,0.148500815,0.149776846,0.21981892,0.558918953,23.75357246,43.29421616,66.20801544,85.43757629,24.54244041,52.96287537,92.01889038,30.01619911,83.34790039,72.17948914
B,0,0,0,91.11553,100.7597351,108.7114182,100.468338,84.60887146,44.59019089,0.573814094,0.148444399,0.149421319,0.21958071,0.558059096,23.78621864,43.34367752,66.24256897,85.29463959,24.56537247,52.96190643,91.90010071,29.99427795,83.23123932,72.10936737
B,0,0,0,90.40686,100.8080444,108.750618,100.4917755,84.63264465,44.48906708,0.572092414,0.148402885,0.149074182,0.219407976,0.557295263,23.81668472,43.38657761,66.28024292,85.18157196,24.58491898,52.97171021,91.81256104,29.98546219,83.14476013,72.0479126
B,0,0,0,90.40686,100.8080444,108.750618,100.4917755,84.63264465,44.48906708,0.572092414,0.148402885,0.149074182,0.219407976,0.557295263,23.81668472,43.38657761,66.28024292,85.18157196,24.58491898,52.97171021,91.81256104,29.98546219,83.14476013,72.0479126
B,0,0,0,90.05872,100.863327,108.8000641,100.5252457,84.66065979,44.39203262,0.57067436,0.148404494,0.148785368,0.219246075,0.55658859,23.85012054,43.42956924,66.32180786,85.10037994,24.60219002,52.98649216,91.75878906,29.9834671,83.09285736,72.01087189
B,0,0,0,90.16996,100.9173126,108.8518372,100.5615616,84.68726349,44.30544281,0.569721401,0.148485914,0.148562834,0.219113931,0.556191087,23.88246346,43.46502304,66.35605621,85.05101776,24.61386299,52.99870682,91.73904419,29.98386955,83.07530975,71.99855042
B,0,0,0,90.16996,100.9173126,108.8518372,100.5615616,84.68726349,44.30544281,0.569721401,0.148485914,0.148562834,0.219113931,0.556191087,23.88246346,43.46502304,66.35605621,85.05101776,24.61386299,52.99870682,91.73904419,29.98386955,83.07530975,71.99855042
B,0,0,0,90.47939,100.9639053,108.8931046,100.5903168,84.70846558,44.23025894,0.569010496,0.148562431,0.148422241,0.219004497,0.555734694,23.91326523,43.5041275,66.40153503,85.03011322,24.62692261,53.01961899,91.73402405,29.99064255,83.06906128,71.98691559
B,0,0,0,90.47939,100.9639053,108.8931046,100.5903168,84.70846558,44.23025894,0.569010496,0.148562431,0.148422241,0.219004497,0.555734694,23.91326523,43.5041275,66.40153503,85.03011322,24.62692261,53.01961899,91.73402405,29.99064255,83.06906128,71.98691559
B,0,0,0,90.90614,101.0043869,108.929924,100.6175156,84.72610474,44.17386246,0.568678319,0.148654625,0.148349673,0.218978435,0.555586278,23.93658257,43.53479004,66.43622589,85.02416992,24.63798332,53.03700256,91.74053955,29.99698448,83.07421875,71.98361206
B,0,0,0,91.48221,101.0422745,108.9632263,100.6446991,84.74533081,44.12969589,0.568347394,0.148716584,0.148311347,0.218894184,0.55522126,23.95984268,43.56800079,66.47592163,85.03334045,24.64846611,53.05679321,91.75375366,30.00578499,83.08701324,71.98285675
B,0,0,0,91.48221,101.0422745,108.9632263,100.6446991,84.74533081,44.12969589,0.568347394,0.148716584,0.148311347,0.218894184,0.55522126,23.95984268,43.56800079,66.47592163,85.03334045,24.64846611,53.05679321,91.75375366,30.00578499,83.08701324,71.98285675
B,0,0,0,91.999756,101.06884,108.9836578,100.6623764,84.75728607,44.10129547,0.568365216,0.148840845,0.14836821,0.218901873,0.555101514,23.98282814,43.6037674,66.51571655,85.05158997,24.65943336,53.07426071,91.76673889,30.01289749,83.09707642,71.97901154
B,0,0,0,91.999756,101.06884,108.9836578,100.6623764,84.75728607,44.10129547,0.568365216,0.148840845,0.14836821,0.218901873,0.555101514,23.98282814,43.6037674,66.51571655,85.05158997,24.65943336,53.07426071,91.76673889,30.01289749,83.09707642,71.97901154
B,0,0,0,92.47336,101.0902176,108.9998703,100.677948,84.77051544,44.08114624,0.568393707,0.148908749,0.148473814,0.218875796,0.554912388,23.99705505,43.63328171,66.54880524,85.07082367,24.67136955,53.09086609,91.7776413,30.01854706,83.10730743,71.98140717
B,0,0,0,92.47336,101.0902176,108.9998703,100.677948,84.77051544,44.08114624,0.568393707,0.148908749,0.148473814,0.218875796,0.554912388,23.99705505,43.63328171,66.54880524,85.07082367,24.67136955,53.09086609,91.7776413,30.01854706,83.10730743,71.98140717
B,0,0,0,93.10429,101.0932388,109.0015945,100.6867752,84.7798996,44.09152603,0.568849206,0.148994297,0.148686409,0.218869478,0.554836869,23.99790764,43.64302444,66.55988312,85.1027832,24.674757,53.0970459,91.79660797,30.02186966,83.127388,71.98710632
B,0,0,0,93.8891,101.0892944,109.0005646,100.6955795,84.78715515,44.11997223,0.569633007,0.149106294,0.148955747,0.218881011,0.554932177,23.99136925,43.63833618,66.55498505,85.14998627,24.67133522,53.09643555,91.83210754,30.02537155,83.16533661,72.00773621
B,0,0,0,93.8891,101.0892944,109.0005646,100.6955795,84.78715515,44.11997223,0.569633007,0.149106294,0.148955747,0.218881011,0.554932177,23.99136925,43.63833618,66.55498505,85.14998627,24.67133522,53.09643555,91.83210754,30.02537155,83.16533661,72.00773621
B,0,0,0,94.54001,101.0571823,108.9729843,100.6871872,84.7826767,44.17018127,0.5707196,0.149235025,0.149381682,0.218927398,0.555173278,23.97021866,43.61676407,66.53029633,85.18255615,24.66176414,53.08602142,91.85573578,30.02556419,83.20608521,72.04225922
B,0,0,0,94.54001,101.0571823,108.9729843,100.6871872,84.7826767,44.17018127,0.5707196,0.149235025,0.149381682,0.218927398,0.555173278,23.97021866,43.61676407,66.53029633,85.18255615,24.66176414,53.08602142,91.85573578,30.02556419,83.20608521,72.04225922
B,0,0,0,95.91684,101.0238495,108.9432755,100.6776047,84.77545166,44.23666763,0.572410822,0.149398908,0.149822786,0.219050854,0.555852294,23.95479965,43.60264969,66.51600647,85.28809357,24.65195656,53.08003235,91.93740082,30.03054619,83.29418182,72.10662842
B,0,0,0,95.91684,101.0238495,108.9432755,100.6776047,84.77545166,44.23666763,0.572410822,0.149398908,0.149822786,0.219050854,0.555852294,23.95479965,43.60264969,66.51600647,85.28809357,24.65195656,53.08003235,91.93740082,30.03054619,83.29418182,72.10662842
B,0,0,0,97.113884,100.9889908,108.9109344,100.6634216,84.75318909,44.33517456,0.574279368,0.149508983,0.150266185,0.21915479,0.556286514,23.93363953,43.58485413,66.49729919,85.429245,24.64422035,53.07805252,92.03665924,30.03862381,83.38269043,72.14286041
B,0,0,0,98.7635,100.9680634,108.9017181,100.668335,84.73905945,44.444561,0.576083899,0.149560198,0.150506079,0.219128191,0.556713164,23.91197777,43.55104065,66.45749664,85.60420227,24.62774277,53.06713486,92.18221283,30.04569054,83.5105896,72.19745636
name,SDx,SDy,SDz,SR,PFD_t,PFD_i,PFD_m,PFD_r,PFD_p,FA_ti,FA_im,FA_mr,FA_rp,FA_pt,FD_ti,FD_tm,FD_tr,FD_tp,FD_im,FD_ir,FD_ip,FD_mr,FD_mp,FD_rp
L,0,0,0,57.769737,99.38069153,91.06987,40.66117477,38.72812653,40.20461273,0.601704776,0.778538942,0.128171057,0.118687831,0.739213943,108.8552933,101.1812744,114.1546326,125.7261429,92.11507416,101.5429993,102.9232559,16.12778473,28.92538834,14.59428978
L,0,0,0,57.769737,99.38069153,91.06987,40.66117477,38.72812653,40.20461273,0.601704776,0.778538942,0.128171057,0.118687831,0.739213943,108.8552933,101.1812744,114.1546326,125.7261429,92.11507416,101.5429993,102.9232559,16.12778473,28.92538834,14.59428978
L,0,0,0,57.844223,99.26942444,91.1330719,40.79552078,38.90724182,40.4528389,0.60337925,0.779060423,0.128018022,0.118954323,0.740714252,108.9689102,101.3513412,114.2904892,125.8883743,92.26114655,101.7024689,103.0805283,16.13049316,28.94999695,14.63088608
L,0,0,0,57.863297,99.1204071,91.17082214,40.9245491,39.08089066,40.70955276,0.604382277,0.778893471,0.128124416,0.1193159,0.741723239,108.9843674,101.4047394,114.339447,125.981514,92.33099365,101.7900848,103.1856995,16.14509583,28.99661827,14.67028809
L,0,0,0,57.867138,98.97270966,91.20033264,41.06097794,39.2580452,40.95823288,0.605175972,0.778605402,0.128338367,0.119688876,0.742493868,109.0045853,101.4402695,114.3784027,126.0597534,92.34983063,101.8183289,103.236702,16.16061783,29.04827309,14.7061758
L,0,0,0,57.867138,98.97270966,91.20033264,41.06097794,39.2580452,40.95823288,0.605175972,0.778605402,0.128338367,0.119688876,0.742493868,109.0045853,101.4402695,114.3784027,126.0597534,92.34983063,101.8183289,103.236702,16.16061783,29.04827309,14.7061758
L,0,0,0,57.784424,98.93895721,91.23204803,41.02129745,39.203125,40.89248657,0.604763269,0.777808726,0.128520787,0.119768716,0.740975857,108.934288,101.2944183,114.2410736,125.9278793,92.36109161,101.8207474,103.2419968,16.15290642,29.04075241,14.70172024
L,0,0,0,57.784424,98.93895721,91.23204803,41.02129745,39.203125,40.89248657,0.604763269,0.777808726,0.128520787,0.119768716,0.740975857,108.934288,101.2944183,114.2410736,125.9278793,92.36109161,101.8207474,103.2419968,16.15290642,29.04075241,14.70172024
L,0,0,0,57.707783,98.9155426,91.2744751,40.96796036,39.133358,40.79406738,0.604444921,0.777466714,0.128644899,0.119649433,0.739870727,108.8372574,101.1703568,114.1257248,125.7941742,92.40752411,101.8562775,103.2831955,16.1457634,29.01996231,14.67788982
L,0,0,0,57.639217,98.89167786,91.3167572,40.91563416,39.07065582,40.69254303,0.604106903,0.777286232,0.128645822,0.119441524,0.738840342,108.7412796,101.067955,114.0275726,125.6655884,92.48078156,101.9058838,103.3311234,16.12998772,28.98802567,14.64894772
L,0,0,0,57.588326,98.87380219,91.35546112,40.87208176,39.02090454,40.598423,0.603968799,0.777386785,0.128597036,0.119184136,0.738181233,108.6738968,101.007782,113.9670944,125.5648499,92.54858398,101.9472275,103.3682175,16.11288071,28.95201683,14.61614799
L,0,0,0,57.588326,98.87380219,91.35546112,40.87208176,39.02090454,40.598423,0.603968799,0.777386785,0.128597036,0.119184136,0.738181233,108.6738968,101.007782,113.9670944,125.5648499,92.54858398,101.9472275,103.3682175,16.11288071,28.95201683,14.61614799
L,0,0,0,57.548325,98.86404419,91.3908844,40.84312439,38.98551178,40.51926041,0.60367769,0.777135611,0.128466368,0.118871421,0.737459362,108.6170273,100.9651184,113.9235611,125.4829712,92.6081543,101.9814453,103.4003296,16.09729385,28.92025948,14.58598995
L,0,0,0,57.548325,98.86404419,91.3908844,40.84312439,38.98551178,40.51926041,0.60367769,0.777135611,0.128466368,0.118871421,0.737459362,108.6170273,100.9651184,113.9235611,125.4829712,92.6081543,101.9814453,103.4003296,16.09729385,28.92025948,14.58598995
L,0,0,0,57.514843,98.85188293,91.43170166,40.81419754,38.95578766,40.44221115,0.603495181,0.777166486,0.1283025,0.118558899,0.736816704,108.5666656,100.9298553,113.8877029,125.4039917,92.70205688,102.0379562,103.4450226,16.07675934,28.88450432,14.55595589
L,0,0,0,57.461555,98.80058289,91.46692657,40.7898674,38.9332428,40.37896729,0.603120685,0.77706331,0.128126755,0.118286975,0.736244559,108.4629669,100.8583679,113.8200912,125.2990494,92.78163147,102.0776062,103.4765167,16.05670738,28.85789108,14.53315353
L,0,0,0,57.461555,98.80058289,91.46692657,40.7898674,38.9332428,40.37896729,0.603120685,0.77706331,0.128126755,0.118286975,0.736244559,108.4629669,100.8583679,113.8200912,125.2990494,92.78163147,102.0776062,103.4765167,16.05670738,28.85789108,14.53315353
L,0,0,0,57.397907,98.72792053,91.51133728,40.78450012,38.92908859,40.31295013,0.602608323,0.776929796,0.127893776,0.117965311,0.735506952,108.3342133,100.772377,113.7369232,125.166008,92.88082886,102.1339569,103.5151443,16.03575706,28.8291378,14.51036263
L,0,0,0,57.397907,98.72792053,91.51133728,40.78450012,38.92908859,40.31295013,0.602608323,0.776929796,0.127893776,0.117965311,0.735506952,108.3342133,100.772377,113.7369232,125.166008,92.88082886,102.1339569,103.5151443,16.03575706,28.8291378,14.51036263
L,0,0,0,57.36005,98.48749542,91.52671814,40.97967911,39.18722916,40.58574677,0.602813542,0.777138829,0.12759012,0.117936946,0.736266434,108.2623291,100.7897568,113.7485123,125.1546097,92.94654846,102.1430969,103.4953079,16.01497459,28.83135796,14.52410316
L,0,0,0,57.26973,98.40434265,91.54499817,41.00061417,39.20089722,40.53443527,0.601825893,0.776647687,0.127401203,0.11772044,0.735035777,108.1119003,100.6419983,113.6105194,124.9828796,92.99060822,102.1477432,103.483757,15.99861813,28.8184166,14.51481628
L,0,0,0,57.26973,98.40434265,91.54499817,41.00061417,39.20089722,40.53443527,0.601825893,0.776647687,0.127401203,0.11772044,0.735035777,108.1119003,100.6419983,113.6105194,124.9828796,92.99060822,102.1477432,103.483757,15.99861813,28.8184166,14.51481628
L,0,0,0,57.19047,98.33418274,91.57604218,40.99530029,39.18765259,40.44867706,0.600973129,0.776564121,0.1272012,0.117394686,0.734017968,107.9529343,100.5145187,113.4923553,124.8198242,93.09867859,102.2137604,103.5408096,15.98372746,28.80136108,14.4946785
L,0,0,0,57.19047,98.33418274,91.57604218,40.99530029,39.18765259,40.44867706,0.600973129,0.776564121,0.1272012,0.117394686,0.734017968,107.9529343,100.5145187,113.4923553,124.8198242,93.09867859,102.2137604,103.5408096,15.98372746,28.80136108,14.4946785
L,0,0,0,57.12492,98.28099823,91.60866547,40.99837494,39.18769455,40.37026596,0.600721836,0.777163148,0.127034307,0.117119052,0.733477116,107.8504486,100.4179916,113.4039993,124.6820602,93.22521973,102.287941,103.596611,15.96593666,28.78207397,14.4746685
L,0,0,0,57.067516,98.23601532,91.62957001,40.99562454,39.18635559,40.29872131,0.600395739,0.77744472,0.126817226,0.116776288,0.732944429,107.7661285,100.3360367,113.3327179,124.565033,93.3318634,102.3472214,103.6430435,15.95160103,28.76601791,14.45423889
L,0,0,0,57.067516,98.23601532,91.62957001,40.99562454,39.18635559,40.29872131,0.600395739,0.77744472,0.126817226,0.116776288,0.732944429,107.7661285,100.3360367,113.3327179,124.565033,93.3318634,102.3472214,103.6430435,15.95160103,28.76601791,14.45423889
L,0,0,0,57.005783,98.17301941,91.65067291,41.00841141,39.20051193,40.23724365,0.600048542,0.778043687,0.126586571,0.116468936,0.732699215,107.6399536,100.2503052,113.2544403,124.4363861,93.44722748,102.4140396,103.6917725,15.9349823,28.74797821,14.43637848
L,0,0,0,56.891884,98.05329132,91.65930939,41.03274918,39.23913193,40.17494583,0.599311173,0.778893769,0.126341313,0.116088241,0.732551575,107.4082794,100.0664597,113.1055069,124.2273407,93.56958771,102.4526291,103.7182465,15.91513729,28.74456596,14.41878796
L,0,0,0,56.859684,98.02527618,91.65795898,41.03448486,39.24832535,40.13773727,0.599092066,0.779508293,0.126222521,0.115951791,0.732587457,107.3307953,100.0039063,113.0557022,124.1517334,93.62757874,102.4723969,103.7278137,15.90282345,28.73840714,14.41205883
L,0,0,0,56.85827,98.04600525,91.64064789,41.01566315,39.23882294,40.09012985,0.598721266,0.780017197,0.126110256,0.115870364,0.73242265,107.3189774,99.97884369,113.0417709,124.1230011,93.65499115,102.4689178,103.7161026,15.89023304,28.73408318,14.41054058
L,0,0,0,56.85827,98.04600525,91.64064789,41.01566315,39.23882294,40.09012985,0.598721266,0.780017197,0.126110256,0.115870364,0.73242265,107.3189774,99.97884369,113.0417709,124.1230011,93.65499115,102.4689178,103.7161026,15.89023304,28.73408318,14.41054058
L,0,0,0,56.851097,98.05282593,91.61012268,40.98352432,39.22304535,40.05419159,0.598061264,0.780271947,0.126032516,0.115830652,0.732317209,107.276741,99.93466949,113.0180283,124.0956421,93.64323425,102.4361267,103.6813049,15.88371086,28.73985672,14.41475964
L,0,0,0,56.851097,98.05282593,91.61012268,40.98352432,39.22304535,40.05419159,0.598061264,0.780271947,0.126032516,0.115830652,0.732317209,107.276741,99.93466949,113.0180283,124.0956421,93.64323425,102.4361267,103.6813049,15.88371086,28.73985672,14.41475964
L,0,0,0,56.838448,98.05657959,91.56437683,40.93780899,39.1865921,40.00117874,0.597370267,0.780349612,0.125953302,0.115786813,0.732114792,107.2357941,99.88541412,112.9825211,124.0572662,93.59618378,102.3749771,103.6195908,15.87717628,28.74051285,14.416399
L,0,0,0,56.838448,98.05657959,91.56437683,40.93780899,39.1865921,40.00117874,0.597370267,0.780349612,0.125953302,0.115786813,0.732114792,107.2357941,99.88541412,112.9825211,124.0572662,93.59618378,102.3749771,103.6195908,15.87717628,28.74051285,14.416399
L,0,0,0,56.841713,98.07514954,91.52097321,40.89693832,39.15260696,39.94745255,0.596819639,0.780650258,0.125849828,0.115731075,0.732130527,107.2115402,99.86723328,112.971962,124.0399323,93.56131744,102.3301392,103.5713577,15.87080383,28.73770523,14.41698837
L,0,0,0,56.856606,98.0954895,91.47505188,40.85448074,39.11227417,39.89174652,0.596183717,0.780820429,0.12571013,0.115672216,0.732216656,107.1802597,99.86559296,112.9729691,124.0352783,93.52021027,102.2804108,103.5196838,15.86463833,28.7365799,14.41977882
L,0,0,0,56.856606,98.0954895,91.47505188,40.85448074,39.11227417,39.89174652,0.596183717,0.780820429,0.12571013,0.115672216,0.732216656,107.1802597,99.86559296,112.9729691,124.0352783,93.52021027,102.2804108,103.5196838,15.86463833,28.7365799,14.41977882
L,0,0,0,56.885494,98.13185883,91.43423462,40.8121376,39.07143784,39.84202957,0.595543742,0.780980945,0.125602171,0.115685128,0.732209146,107.1772079,99.87843323,112.988266,124.0531693,93.48613739,102.2416916,103.4776154,15.86065769,28.74147987,14.42909908
L,0,0,0,56.930832,97.99541473,91.35449219,40.96655655,39.27607727,40.10439682,0.595515907,0.781299472,0.125310168,0.115760498,0.733498394,107.194664,99.99814606,113.0838928,124.1539841,93.40635681,102.133934,103.3522949,15.84431076,28.74123955,14.4471693
L,0,0,0,56.930832,97.99541473,91.35449219,40.96655655,39.27607727,40.10439682,0.595515907,0.781299472,0.125310168,0.115760498,0.733498394,107.194664,99.99814606,113.0838928,124.1539841,93.40635681,102.133934,103.3522949,15.84431076,28.74123955,14.4471693
L,0,0,0,56.944073,98.00814819,91.3008194,40.92816544,39.23210526,40.05654526,0.594654202,0.781158328,0.125248149,0.115792483,0.733420908,107.159317,99.98491669,113.0719757,124.1468964,93.3113327,102.0465546,103.2666245,15.84525204,28.74850082,14.45657825
L,0,0,0,56.944073,98.00814819,91.3008194,40.92816544,39.23210526,40.05654526,0.594654202,0.781158328,0.125248149,0.115792483,0.733420908,107.159317,99.98491669,113.0719757,124.1468964,93.3113327,102.0465546,103.2666245,15.84525204,28.74850082,14.45657825
L,0,0,0,56.968327,98.06190491,91.24504089,40.85554123,39.15531158,39.99538422,0.59363389,0.780734897,0.12527439,0.11587552,0.733279943,107.1443939,99.97265625,113.0726624,124.1708679,93.18901062,101.9477768,103.1820755,15.85487366,28.767313,14.47009754
L,0,0,0,56.968327,98.06190491,91.24504089,40.85554123,39.15531158,39.99538422,0.59363389,0.780734897,0.12527439,0.11587552,0.733279943,107.1443939,99.97265625,113.0726624,124.1708679,93.18901062,101.9477768,103.1820755,15.85487366,28.767313,14.47009754
L,0,0,0,56.9969,98.11837006,91.19490814,40.79047394,39.08355331,39.93634415,0.592648387,0.780195832,0.125238135,0.115869842,0.733081162,107.1466217,99.98451996,113.0912018,124.2053223,93.07936096,101.8612823,103.1084518,15.86388969,28.77981949,14.47783852
L,0,0,0,57.04189,98.00759125,91.11981201,40.94255066,39.27713776,40.20505142,0.592355371,0.779972613,0.125044256,0.115973942,0.734269321,107.165657,100.0962982,113.1865845,124.3237915,92.94268036,101.7257462,102.9742584,15.86207199,28.79374695,14.49905491
L,0,0,0,57.04189,98.00759125,91.11981201,40.94255066,39.27713776,40.20505142,0.592355371,0.779972613,0.125044256,0.115973942,0.734269321,107.165657,100.0962982,113.1865845,124.3237915,92.94268036,101.7257462,102.9742584,15.86207199,28.79374695,14.49905491
L,0,0,0,57.031307,98.01924896,91.07652283,40.88898087,39.21988678,40.16060638,0.591210067,0.779193401,0.125101581,0.116063535,0.733893156,107.1067734,100.0248184,113.1350174,124.2959061,92.802948,101.6145172,102.874649,15.87527084,28.81598473,14.51459885
name,SDx,SDy,SDz,SR,PFD_t,PFD_i,PFD_m,PFD_r,PFD_p,FA_ti,FA_im,FA_mr,FA_rp,FA_pt,FD_ti,FD_tm,FD_tr,FD_tp,FD_im,FD_ir,FD_ip,FD_mr,FD_mp,FD_rp
L,0,0,0,57.701984,99.00431061,90.18304443,40.64478683,38.89418793,40.1292038,0.584525824,0.759371758,0.121567622,0.113480426,0.730103552,110.2901917,101.4820099,114.2763672,125.6296692,89.35481262,99.23228455,100.4803238,16.18237877,28.76226997,14.55870533
L,0,0,0,57.68747,99.07313538,90.15623474,40.53154373,38.76689911,39.991539,0.583872199,0.758950353,0.121592686,0.113333479,0.729272246,110.341629,101.4312744,114.2344055,125.5891113,89.29849243,99.19172668,100.4442596,16.18886566,28.75351715,14.54474926
L,0,0,0,57.683163,99.15423584,90.13355255,40.42658234,38.64789963,39.85669708,0.583545685,0.758661568,0.121574007,0.113172084,0.728624105,110.4022064,101.4067078,114.2148743,125.5659866,89.27804565,99.18338776,100.4323959,16.19383049,28.74127769,14.53075981
L,0,0,0,57.706696,99.25643158,90.12986755,40.33009338,38.542202,39.72410202,0.583301723,0.758580208,0.121423028,0.11294543,0.727965474,110.4913712,101.4266281,114.2316589,125.5707321,89.31758881,99.2234726,100.4651718,16.18879128,28.71927261,14.51442909
L,0,0,0,57.706696,99.25643158,90.12986755,40.33009338,38.542202,39.72410202,0.583301723,0.758580208,0.121423028,0.11294543,0.727965474,110.4913712,101.4266281,114.2316589,125.5707321,89.31758881,99.2234726,100.4651718,16.18879128,28.71927261,14.51442909
L,0,0,0,57.754845,99.37985229,90.1244812,40.24406052,38.44929504,39.60993576,0.583018363,0.758565247,0.121297978,0.112774484,0.727542341,110.5940094,101.4741287,114.2786636,125.6123123,89.35182953,99.26361847,100.4989548,16.18785095,28.70584297,14.50487137
L,0,0,0,57.821777,99.51264954,90.12430573,40.1534729,38.35124969,39.4850769,0.582802236,0.758739054,0.121073142,0.1126054,0.727230728,110.7119064,101.5505676,114.3453293,125.6703796,89.41319275,99.32784271,100.5504837,16.18175316,28.68857956,14.49920273
L,0,0,0,57.893257,99.65013123,90.11737061,40.06348038,38.26029968,39.38475418,0.582406938,0.75862956,0.120882496,0.112503506,0.726890445,110.8286972,101.6221695,114.4129105,125.7440033,89.45056152,99.37659454,100.5872803,16.17884636,28.67786598,14.50131607
L,0,0,0,58.02226,99.66648865,90.12921143,40.22502136,38.45707321,39.62561417,0.582575321,0.758971989,0.120520636,0.11266426,0.727932334,110.9720001,101.8257446,114.58564,125.9477921,89.4947052,99.42971802,100.6313095,16.17044258,28.68914604,14.5374403
L,0,0,0,58.02226,99.66648865,90.12921143,40.22502136,38.45707321,39.62561417,0.582575321,0.758971989,0.120520636,0.11266426,0.727932334,110.9720001,101.8257446,114.58564,125.9477921,89.4947052,99.42971802,100.6313095,16.17044258,28.68914604,14.5374403
L,0,0,0,58.041058,99.71695709,90.10637665,40.15407181,38.38599014,39.56524277,0.581526816,0.758616865,0.120435342,0.112704016,0.727616608,110.9520111,101.8069534,114.5691605,125.9487305,89.45272064,99.40706635,100.6011047,16.16844368,28.68382645,14.54768658
L,0,0,0,58.073483,99.79882813,90.07739258,40.04601669,38.28038788,39.48317719,0.580571055,0.758176446,0.120456673,0.1127766,0.727425516,110.9653015,101.7938461,114.5734634,125.9823608,89.40322113,99.37969971,100.5763092,16.17703629,28.69788551,14.5624752
L,0,0,0,58.126583,99.89814758,90.04181671,39.95790482,38.19393921,39.41632843,0.579758048,0.757906795,0.120496348,0.112851784,0.727456808,111.0150681,101.8302231,114.6225281,126.0552139,89.34925079,99.34332275,100.5453186,16.18575668,28.71354294,14.57534504
L,0,0,0,58.126583,99.89814758,90.04181671,39.95790482,38.19393921,39.41632843,0.579758048,0.757906795,0.120496348,0.112851784,0.727456808,111.0150681,101.8302231,114.6225281,126.0552139,89.34925079,99.34332275,100.5453186,16.18575668,28.71354294,14.57534504
L,0,0,0,58.1743,99.97653198,90.01425934,39.89814377,38.13158417,39.36589432,0.57923305,0.757746994,0.120506756,0.112913698,0.727641463,111.0555115,101.8762512,114.6747742,126.1227646,89.3086853,99.3134079,100.5191345,16.19234848,28.72768021,14.58666229
L,0,0,0,58.213642,100.0349045,89.98618317,39.84532928,38.07637024,39.32610703,0.578755736,0.757512629,0.120524608,0.11298456,0.727920771,111.0741272,101.91259,114.7169418,126.1806183,89.255867,99.27580261,100.4881897,16.20095634,28.74361801,14.59848404
L,0,0,0,58.24146,100.0713425,89.95856476,39.80819321,38.03734589,39.31061172,0.578363001,0.757488847,0.120550379,0.113150969,0.728397787,111.068718,101.9294128,114.74189,126.2305145,89.21614838,99.24346161,100.4582748,16.20820618,28.76791382,14.62052059
L,0,0,0,58.24146,100.0713425,89.95856476,39.80819321,38.03734589,39.31061172,0.578363001,0.757488847,0.120550379,0.113150969,0.728397787,111.068718,101.9294128,114.74189,126.2305145,89.21614838,99.24346161,100.4582748,16.20820618,28.76791382,14.62052059
L,0,0,0,58.283104,100.1247482,89.93003082,39.78365707,38.01083374,39.30818939,0.578008294,0.75725168,0.120599441,0.113329262,0.728863597,111.093895,101.9654922,114.7876129,126.3037643,89.15534973,99.19035339,100.4112473,16.21715164,28.79719353,14.6442461
L,0,0,0,58.302883,100.1660156,89.90727997,39.74581528,37.97550964,39.30773926,0.577675164,0.7570014,0.120745011,0.113632977,0.729225874,111.0928116,101.9424362,114.7880783,126.3491058,89.09788513,99.14031982,100.364769,16.22807121,28.83829308,14.67984104
L,0,0,0,58.295883,100.1637344,89.89080048,39.71270752,37.95357132,39.32485962,0.577198863,0.756850898,0.12095958,0.113954753,0.729695082,111.0273285,101.8750229,114.7567215,126.3617477,89.04163361,99.08486176,100.3194962,16.23925781,28.88526535,14.71457481
L,0,0,0,58.273186,100.1478271,89.87281036,39.69855499,37.94989777,39.3537674,0.576973796,0.756801069,0.121222585,0.114310652,0.730184078,110.9548111,101.7903748,114.7091904,126.3552399,88.98387909,99.0213623,100.2615204,16.24861526,28.93074608,14.7486496
L,0,0,0,58.273186,100.1478271,89.87281036,39.69855499,37.94989777,39.3537674,0.576973796,0.756801069,0.121222585,0.114310652,0.730184078,110.9548111,101.7903748,114.7091904,126.3552399,88.98387909,99.0213623,100.2615204,16.24861526,28.93074608,14.7486496
L,0,0,0,58.280945,99.98067474,89.89354706,39.91711044,38.22010803,39.69338608,0.577750325,0.757724047,0.12125659,0.114844516,0.732024133,110.884903,101.7907639,114.7181091,126.4183121,88.99228668,99.00558472,100.2612228,16.2402153,28.98412895,14.80445671
L,0,0,0,58.194927,99.88793182,89.8884964,39.94367218,38.25349426,39.73698807,0.577958763,0.758244991,0.121536158,0.115202338,0.732614815,110.7329483,101.6266251,114.5868225,126.3102798,88.95227051,98.94693756,100.1962891,16.2405014,29.01223755,14.8290081
L,0,0,0,58.09036,99.79185486,89.8805542,39.93292999,38.25389099,39.74686432,0.578236699,0.759041369,0.121848442,0.115519248,0.733317673,110.5502853,101.4254684,114.4308243,126.1759109,88.94210815,98.91040802,100.1568985,16.24168587,29.04182434,14.84796906
L,0,0,0,58.09036,99.79185486,89.8805542,39.93292999,38.25389099,39.74686432,0.578236699,0.759041369,0.121848442,0.115519248,0.733317673,110.5502853,101.4254684,114.4308243,126.1759109,88.94210815,98.91040802,100.1568985,16.24168587,29.04182434,14.84796906
L,0,0,0,58.038586,99.76177979,89.88264465,39.91657257,38.24968719,39.75959396,0.578361452,0.759672046,0.122229852,0.115853861,0.733795226,110.4601517,101.2921829,114.3478165,126.1216812,88.93701935,98.87223816,100.1225891,16.24611282,29.08332634,14.86975002
L,0,0,0,57.975506,99.73284912,89.8766861,39.91705322,38.26266098,39.77476883,0.578643441,0.760036826,0.122656867,0.116141744,0.73418498,110.395607,101.154747,114.2641602,126.0587082,88.89659882,98.80846405,100.0617752,16.25811386,29.12569237,14.88646889
L,0,0,0,57.940945,99.72492218,89.88337708,39.9316597,38.28409576,39.7804718,0.579107046,0.760610282,0.122976035,0.116352446,0.734404624,110.3961716,101.077507,114.2213821,126.0212173,88.88682556,98.76623535,100.018692,16.26070213,29.15250397,14.89514065
L,0,0,0,57.940945,99.72492218,89.88337708,39.9316597,38.28409576,39.7804718,0.579107046,0.760610282,0.122976035,0.116352446,0.734404624,110.3961716,101.077507,114.2213821,126.0212173,88.88682556,98.76623535,100.018692,16.26070213,29.15250397,14.89514065
L,0,0,0,57.952103,99.58946991,89.92937469,40.18482208,38.58650589,40.11295319,0.580084562,0.761628628,0.123242512,0.116824366,0.735795259,110.4217758,101.0854645,114.2555313,126.0908585,88.89483643,98.7345047,100.0152054,16.26357079,29.22245598,14.93800545
L,0,0,0,57.850616,99.49212646,89.94234467,40.23336792,38.64741516,40.14088058,0.580670893,0.76251173,0.123648643,0.117143534,0.735932946,110.331871,100.8924255,114.1081772,125.9471817,88.89076996,98.67646027,99.95678711,16.25971413,29.25652504,14.95189476
L,0,0,0,57.850616,99.49212646,89.94234467,40.23336792,38.64741516,40.14088058,0.580670893,0.76251173,0.123648643,0.117143534,0.735932946,110.331871,100.8924255,114.1081772,125.9471817,88.89076996,98.67646027,99.95678711,16.25971413,29.25652504,14.95189476
L,0,0,0,57.758537,99.41283417,89.95233917,40.24861526,38.6670723,40.13858414,0.581072807,0.763291478,0.12412858,0.117476083,0.736099064,110.2379532,100.6997528,113.9714432,125.8228912,88.88934326,98.62540436,99.91481781,16.26892281,29.31072998,14.97041798
L,0,0,0,57.68122,99.35939026,89.96437836,40.24766159,38.67882538,40.12406158,0.581391752,0.764124095,0.124581739,0.117756978,0.7360484,110.1818695,100.5387421,113.861084,125.7176132,88.8970108,98.58290863,99.87895203,16.27098465,29.348629,14.98055553
L,0,0,0,57.613503,99.31956482,89.99147034,40.24833679,38.69073486,40.0959816,0.581874311,0.765168071,0.125019878,0.117958724,0.735852838,110.1501541,100.384613,113.7596436,125.6132126,88.95433807,98.57805634,99.88404083,16.27225685,29.38552666,14.98349762
L,0,0,0,57.613503,99.31956482,89.99147034,40.24833679,38.69073486,40.0959816,0.581874311,0.765168071,0.125019878,0.117958724,0.735852838,110.1501541,100.384613,113.7596436,125.6132126,88.95433807,98.57805634,99.88404083,16.27225685,29.38552666,14.98349762
L,0,0,0,57.545082,99.26937103,90.02118683,40.25274277,38.70078278,40.05911255,0.582476616,0.766294777,0.125394076,0.118080214,0.73560065,110.1038513,100.2477188,113.6618195,125.4993896,89.03239441,98.59430695,99.90908813,16.26870918,29.40633202,14.97618103
L,0,0,0,57.476105,99.21251678,90.05334473,40.25505447,38.70355225,40.00600052,0.583365262,0.767714143,0.125623107,0.118102983,0.735455871,110.0426941,100.1333694,113.562355,125.3703079,89.13645172,98.64481354,99.96838379,16.2536602,29.39844513,14.95605946
L,0,0,0,57.433666,99.18283844,90.10031128,40.2500267,38.69819641,39.94950867,0.584506691,0.769412577,0.125770018,0.118136868,0.735409737,110.0112915,100.0635376,113.4928741,125.2742844,89.28486633,98.75239563,100.0801697,16.23459816,29.38043594,14.93805981
L,0,0,0,57.381744,99.14358521,90.14389801,40.24984741,38.69254684,39.91439819,0.585748196,0.771029353,0.125913918,0.118227862,0.735502839,109.9592438,99.97760773,113.4083023,125.1800003,89.44390106,98.87943268,100.2091141,16.22223091,29.37282372,14.92943478
L,0,0,0,57.381744,99.14358521,90.14389801,40.24984741,38.69254684,39.91439819,0.585748196,0.771029353,0.125913918,0.118227862,0.735502839,109.9592438,99.97760773,113.4083023,125.1800003,89.44390106,98.87943268,100.2091141,16.22223091,29.37282372,14.92943478
L,0,0,0,57.345234,99.12631226,90.17757416,40.2309761,38.66617584,39.86749268,0.587004423,0.772651732,0.126069501,0.118260197,0.735721171,109.9177551,99.91771698,113.344017,125.1033783,89.58192444,99.00288391,100.3363571,16.21266174,29.3527813,14.91069221
L,0,0,0,57.30624,99.11076355,90.21075439,40.20969772,38.63536835,39.82608795,0.58838743,0.774323642,0.126211628,0.118296064,0.736158192,109.8839798,99.85391998,113.2798157,125.0347672,89.72306061,99.12203217,100.4644165,16.20461845,29.34144974,14.89491463
L,0,0,0,57.30624,99.11076355,90.21075439,40.20969772,38.63536835,39.82608795,0.58838743,0.774323642,0.126211628,0.118296064,0.736158192,109.8839798,99.85391998,113.2798157,125.0347672,89.72306061,99.12203217,100.4644165,16.20461845,29.34144974,14.89491463
L,0,0,0,57.29315,99.12046814,90.23822784,40.16818237,38.59620667,39.79555511,0.589341581,0.775700569,0.126373947,0.118377849,0.736559451,109.8801804,99.81247711,113.2509995,125.0150223,89.84650421,99.22023773,100.5737534,16.20051003,29.34516335,14.888731
L,0,0,0,57.28126,99.13221741,90.25456238,40.11669922,38.55537415,39.79708481,0.590030134,0.776720762,0.126612067,0.118616834,0.737178922,109.8562469,99.75144196,113.2205276,125.0230103,89.93904877,99.29488373,100.6614456,16.20692444,29.37652206,14.90350628
L,0,0,0,57.28126,99.13221741,90.25456238,40.11669922,38.55537415,39.79708481,0.590030134,0.776720762,0.126612067,0.118616834,0.737178922,109.8562469,99.75144196,113.2205276,125.0230103,89.93904877,99.29488373,100.6614456,16.20692444,29.37652206,14.90350628
L,0,0,0,57.305702,99.19049072,90.25726318,40.06399155,38.50974274,39.80331802,0.590716898,0.777479529,0.126818642,0.118835732,0.738104641,109.8912735,99.75855255,113.252655,125.0965118,89.98075104,99.335289,100.7147522,16.21980095,29.4096241,14.91986847
